weather_description,total_sales
broken clouds,309.4238043478261
clear sky,314.27442906574396
light rain,302.899641025641
light snow,308.1154838709677
scattered clouds,306.4690217391304
