weather_description,total_sales
clear sky,308.1154838709677
few clouds,282.47035714285715
light rain,316.00569395017794
overcast clouds,304.89745358090187
scattered clouds,312.2515060240964
